like_id,post_id,user_id,liked_at
1,23,71,2024-02-21 14:53:57
2,151,91,2024-11-13 04:39:44
3,181,47,2024-10-31 22:07:13
4,185,10,2024-01-22 20:51:50
5,181,4,2024-04-18 12:15:59
6,49,37,2024-03-08 15:41:58
7,59,4,2024-05-01 10:01:42
8,192,79,2024-06-28 07:36:58
9,26,37,2024-08-26 15:40:59
10,194,87,2024-05-29 04:23:39
11,26,54,2024-03-13 16:31:08
12,125,25,2024-09-02 10:17:38
13,172,13,2024-03-23 20:52:37
14,18,9,2024-10-29 11:31:58
15,61,32,2024-10-29 14:29:45
16,109,57,2024-08-31 05:42:24
17,164,55,2024-10-14 10:25:02
18,156,64,2024-05-25 05:42:51
19,65,45,2024-02-15 21:15:28
20,90,5,2024-10-02 08:19:25
21,122,31,2024-03-23 12:47:00
22,164,100,2024-09-25 12:10:16
23,20,32,2024-07-16 17:09:20
24,8,1,2024-10-25 17:54:10
25,153,98,2024-10-01 10:29:51
26,81,5,2024-08-12 17:12:49
27,65,19,2024-03-17 21:43:13
28,139,82,2024-06-06 23:15:00
29,16,41,2024-09-30 08:14:45
30,64,73,2024-08-13 10:55:22
31,70,10,2024-01-17 16:18:27
32,16,2,2024-04-19 18:54:23
33,9,90,2024-07-24 13:22:02
34,86,63,2024-09-19 01:01:11
35,70,60,2024-05-07 12:32:28
36,159,71,2024-01-03 23:02:50
37,97,12,2024-01-03 07:32:42
38,20,98,2024-02-21 16:28:11
39,195,1,2024-11-05 05:41:53
40,187,16,2024-05-10 02:09:03
41,143,47,2024-02-06 06:31:43
42,138,11,2024-03-14 09:21:00
43,18,42,2024-08-20 19:45:00
44,57,72,2024-04-02 09:38:31
45,12,82,2024-08-21 15:27:41
46,177,78,2024-01-04 01:34:39
47,65,37,2024-09-22 00:55:55
48,104,96,2024-07-11 19:06:10
49,177,12,2024-10-06 07:30:14
50,193,48,2024-05-26 03:10:34
51,106,12,2024-03-19 12:32:42
52,81,33,2024-06-15 03:49:35
53,88,5,2024-05-19 21:55:32
54,87,82,2024-02-09 04:17:00
55,131,1,2024-06-25 04:54:33
56,50,40,2024-04-24 19:03:53
57,25,96,2024-07-11 03:19:00
58,163,69,2024-09-19 12:39:01
59,50,19,2024-01-25 20:43:50
60,47,55,2024-07-02 16:06:37
61,192,15,2024-11-17 03:07:01
62,68,46,2024-02-17 02:38:56
63,84,22,2024-09-13 14:17:56
64,126,68,2024-11-15 23:24:09
65,72,66,2024-02-23 16:53:58
66,181,3,2024-09-27 20:53:03
67,57,14,2024-02-21 13:34:28
68,98,39,2024-02-05 15:21:14
69,44,9,2024-04-29 20:53:59
70,43,2,2024-06-14 01:43:43
71,34,77,2024-07-03 15:06:58
72,7,14,2024-07-05 16:05:57
73,100,12,2024-04-15 21:17:46
74,75,88,2024-03-13 22:09:09
75,173,50,2024-03-07 12:29:36
76,174,37,2024-10-07 19:05:10
77,14,29,2024-02-24 17:54:35
78,26,33,2024-11-13 11:41:30
79,58,93,2024-10-12 02:46:12
80,38,6,2024-08-02 18:26:25
81,177,81,2024-11-19 15:38:10
82,117,46,2024-03-12 19:06:35
83,130,11,2024-09-18 07:27:38
84,71,98,2024-03-09 15:00:12
85,83,76,2024-06-13 21:50:18
86,177,14,2024-03-23 08:49:06
87,45,91,2024-02-14 06:57:16
88,42,62,2024-11-25 15:55:00
89,85,3,2024-03-13 18:51:54
90,124,99,2024-11-30 18:25:03
91,189,46,2024-07-06 05:00:35
92,33,8,2024-05-02 10:29:59
93,174,40,2024-09-02 03:24:45
94,103,30,2024-02-26 02:50:46
95,112,63,2024-02-24 01:05:14
96,72,56,2024-05-07 09:24:25
97,26,86,2024-06-05 17:52:05
98,5,86,2024-01-10 07:27:02
99,119,44,2024-01-18 00:45:41
100,99,18,2024-07-29 19:18:56
101,13,63,2024-08-20 12:38:45
102,10,57,2024-01-08 00:20:24
103,134,1,2024-08-02 02:18:34
104,159,58,2024-05-28 12:38:44
105,140,34,2024-06-23 04:33:54
106,43,68,2024-10-20 02:51:41
107,126,97,2024-11-27 22:07:56
108,119,85,2024-10-31 21:20:49
109,76,41,2024-11-24 00:10:34
110,83,76,2024-01-26 13:58:59
111,27,8,2024-08-20 23:49:08
112,175,25,2024-11-19 21:22:47
113,55,37,2024-03-18 19:31:59
114,112,99,2024-02-21 20:35:04
115,16,67,2024-05-20 10:09:38
116,187,3,2024-10-19 11:01:47
117,141,66,2024-08-27 05:04:21
118,138,82,2024-03-15 09:29:41
119,181,96,2024-10-18 09:46:49
120,190,76,2024-08-07 15:27:47
121,123,91,2024-04-23 18:01:29
122,59,96,2024-03-27 02:14:50
123,54,100,2024-04-18 01:24:54
124,4,63,2024-02-19 10:00:24
125,124,87,2024-04-12 09:39:21
126,101,69,2024-09-06 08:20:12
127,37,11,2024-12-02 21:10:52
128,190,79,2024-11-17 12:44:54
129,153,25,2024-11-20 03:22:55
130,42,99,2024-04-30 04:19:18
131,56,92,2024-03-08 20:42:11
132,63,95,2024-02-10 00:59:11
133,49,34,2024-04-09 18:52:07
134,163,70,2024-09-03 10:15:00
135,141,60,2024-03-27 06:25:07
136,10,27,2024-03-06 06:37:22
137,111,95,2024-08-09 11:17:50
138,93,62,2024-10-12 13:06:43
139,123,43,2024-05-01 01:03:27
140,15,30,2024-10-28 13:58:11
141,161,23,2024-01-14 19:13:36
142,100,89,2024-12-08 11:08:07
143,59,93,2024-06-02 03:50:08
144,99,74,2024-07-29 23:19:29
145,185,31,2024-04-08 02:08:01
146,182,50,2024-06-21 02:23:31
147,172,12,2024-02-11 08:48:37
148,168,56,2024-12-07 19:26:29
149,129,49,2024-06-16 07:06:52
150,21,69,2024-03-30 02:35:54
151,82,13,2024-07-14 03:45:03
152,113,99,2024-11-29 10:39:13
153,46,46,2024-07-01 02:29:48
154,124,45,2024-05-20 14:10:38
155,64,80,2024-06-01 08:04:17
156,82,3,2024-06-23 07:01:48
157,155,54,2024-07-06 05:41:16
158,161,89,2024-10-10 01:42:45
159,176,4,2024-12-14 04:46:41
160,70,48,2024-09-23 15:59:53
161,91,77,2024-02-28 06:01:21
162,103,48,2024-01-11 12:11:01
163,141,37,2024-03-31 05:46:43
164,190,32,2024-06-06 23:53:16
165,29,42,2024-11-07 02:43:47
166,173,98,2024-05-30 01:13:02
167,193,19,2024-04-15 04:43:07
168,56,70,2024-06-27 22:50:37
169,196,41,2024-11-16 12:56:20
170,31,21,2024-02-25 05:34:12
171,118,43,2024-07-16 08:32:31
172,9,95,2024-05-17 20:23:03
173,140,57,2024-02-04 16:49:29
174,145,65,2024-02-08 02:13:41
175,150,83,2024-08-03 07:39:21
176,98,6,2024-05-08 15:30:20
177,5,62,2024-02-01 06:05:47
178,8,42,2024-05-13 03:11:19
179,103,85,2024-07-26 03:04:54
180,58,16,2024-02-06 22:18:10
181,169,10,2024-05-10 17:27:07
182,96,81,2024-12-11 15:44:19
183,46,1,2024-01-22 21:37:28
184,66,51,2024-11-09 14:36:09
185,144,35,2024-05-13 18:25:53
186,41,85,2024-05-14 03:00:33
187,145,13,2024-02-10 17:18:35
188,82,65,2024-02-23 02:44:15
189,29,23,2024-03-20 01:21:04
190,127,76,2024-01-11 21:08:40
191,80,40,2024-06-22 07:24:13
192,122,33,2024-12-12 07:00:12
193,69,91,2024-11-20 15:25:12
194,75,75,2024-02-28 14:50:56
195,12,99,2024-05-12 22:03:02
196,21,11,2024-06-07 02:55:17
197,175,16,2024-11-01 04:08:13
198,44,94,2024-12-05 05:23:32
199,139,5,2024-07-29 18:22:53
200,111,55,2024-03-01 07:04:04
201,157,100,2024-02-07 12:17:11
202,136,25,2024-09-12 23:56:28
203,56,19,2024-11-12 01:26:32
204,159,11,2024-05-08 03:00:22
205,171,83,2024-07-20 23:30:02
206,166,40,2024-06-18 06:29:50
207,170,42,2024-03-08 01:11:11
208,108,49,2024-08-24 13:15:20
209,97,39,2024-11-01 06:14:30
210,113,3,2024-12-14 04:49:28
211,128,8,2024-01-25 01:49:55
212,136,93,2024-02-17 23:01:52
213,173,77,2024-06-02 00:52:42
214,187,57,2024-09-02 12:40:51
215,145,63,2024-06-28 05:39:37
216,39,55,2024-03-10 09:21:47
217,24,57,2024-01-14 04:50:48
218,152,12,2024-01-10 17:08:50
219,109,75,2024-07-13 21:07:37
220,21,34,2024-06-17 16:19:31
221,44,5,2024-09-05 03:21:43
222,161,22,2024-11-06 21:50:25
223,5,2,2024-04-25 03:16:14
224,126,12,2024-11-14 11:58:30
225,69,13,2024-05-20 00:08:02
226,88,9,2024-01-29 22:31:19
227,199,74,2024-09-09 17:48:24
228,94,86,2024-06-27 14:28:14
229,77,9,2024-09-01 06:02:28
230,136,85,2024-11-22 13:47:03
231,94,77,2024-07-08 05:10:47
232,73,16,2024-03-08 20:09:02
233,176,1,2024-08-18 07:57:25
234,6,8,2024-04-06 01:04:46
235,62,7,2024-03-22 21:47:40
236,48,73,2024-11-30 07:15:37
237,51,75,2024-09-07 02:34:32
238,75,100,2024-02-11 02:43:20
239,135,62,2024-02-25 05:30:47
240,122,10,2024-07-17 04:46:17
241,60,79,2024-03-12 01:54:21
242,174,72,2024-08-02 04:34:14
243,52,65,2024-04-06 06:27:50
244,144,79,2024-07-14 03:50:10
245,130,69,2024-02-22 06:43:08
246,52,31,2024-07-14 02:30:14
247,171,7,2024-07-02 10:57:33
248,7,25,2024-03-26 09:52:20
249,152,80,2024-10-05 03:51:26
250,144,2,2024-06-08 13:48:30
251,118,51,2024-02-06 05:00:49
252,99,21,2024-04-24 16:41:53
253,42,12,2024-04-21 02:29:00
254,33,70,2024-03-30 08:49:45
255,62,66,2024-08-13 18:31:20
256,104,55,2024-06-19 07:44:11
257,166,53,2024-03-23 11:00:22
258,134,77,2024-11-05 19:23:36
259,31,72,2024-03-23 21:22:38
260,103,52,2024-11-20 10:26:17
261,113,1,2024-02-21 00:35:23
262,98,82,2024-06-09 15:49:50
263,39,8,2024-03-05 23:42:21
264,15,45,2024-09-03 08:10:05
265,123,1,2024-09-14 22:53:13
266,75,91,2024-11-29 11:01:22
267,30,1,2024-04-19 13:02:45
268,29,91,2024-01-08 08:08:01
269,15,89,2024-10-26 05:41:29
270,6,11,2024-02-12 17:37:25
271,131,6,2024-09-16 08:49:08
272,180,43,2024-11-14 16:50:11
273,143,50,2024-12-08 10:06:50
274,18,78,2024-10-25 22:35:56
275,10,38,2024-06-22 12:10:59
276,125,52,2024-04-23 01:54:39
277,120,88,2024-08-18 09:03:19
278,107,60,2024-10-21 21:26:05
279,136,86,2024-03-20 15:38:03
280,15,51,2024-07-25 16:16:31
281,25,12,2024-04-17 13:42:11
282,21,38,2024-03-31 20:41:16
283,29,97,2024-10-11 02:46:48
284,13,51,2024-07-30 08:35:02
285,150,83,2024-03-29 12:42:05
286,138,81,2024-10-31 02:33:24
287,184,21,2024-07-26 03:17:42
288,156,95,2024-11-21 02:44:20
289,107,93,2024-08-09 15:22:38
290,200,8,2024-06-26 04:31:15
291,7,79,2024-08-03 06:49:54
292,166,89,2024-02-10 16:29:19
293,69,5,2024-02-25 05:25:50
294,85,5,2024-11-18 16:06:01
295,118,4,2024-04-30 23:13:28
296,79,26,2024-04-06 09:53:46
297,120,43,2024-10-02 15:56:22
298,174,37,2024-03-31 04:46:51
299,166,60,2024-09-13 08:14:45
300,177,39,2024-11-04 05:30:17
301,199,81,2024-08-20 11:23:53
302,17,67,2024-09-23 15:26:01
303,57,89,2024-10-17 15:27:21
304,152,78,2024-06-15 22:00:57
305,36,4,2024-09-25 23:19:09
306,86,50,2024-08-05 05:27:49
307,4,95,2024-02-22 12:40:55
308,133,54,2024-05-05 04:10:06
309,49,45,2024-03-29 19:52:53
310,106,80,2024-03-20 23:09:04
311,20,22,2024-03-05 19:27:35
312,111,76,2024-05-21 21:02:14
313,130,25,2024-07-29 13:29:54
314,84,8,2024-10-23 02:39:00
315,5,61,2024-11-15 19:22:34
316,139,11,2024-04-22 08:48:42
317,172,81,2024-12-04 12:15:42
318,13,69,2024-04-16 05:22:03
319,175,42,2024-08-15 04:50:35
320,60,47,2024-05-21 18:19:08
321,137,46,2024-10-25 14:44:53
322,199,60,2024-02-20 10:48:02
323,107,37,2024-08-18 15:16:38
324,40,78,2024-12-11 10:31:34
325,140,44,2024-08-13 12:05:12
326,154,17,2024-12-13 04:15:28
327,195,39,2024-06-01 09:20:29
328,127,75,2024-06-30 09:03:12
329,94,58,2024-10-30 15:51:04
330,77,36,2024-08-21 05:17:51
331,112,83,2024-04-13 23:49:33
332,151,19,2024-02-04 13:13:24
333,1,78,2024-02-12 22:19:08
334,161,45,2024-03-06 21:03:03
335,106,84,2024-12-09 11:38:34
336,9,69,2024-12-15 06:21:25
337,63,59,2024-10-27 02:40:12
338,192,42,2024-12-01 19:01:30
339,135,47,2024-01-02 22:53:50
340,92,59,2024-04-10 01:33:38
341,152,5,2024-09-11 06:19:47
342,148,55,2024-10-21 23:27:05
343,140,78,2024-09-06 16:00:39
344,185,88,2024-12-10 02:30:45
345,114,9,2024-07-17 20:15:06
346,60,29,2024-06-03 13:12:41
347,180,14,2024-11-22 18:49:22
348,196,33,2024-01-26 00:08:49
349,175,43,2024-11-21 10:27:22
350,178,54,2024-04-15 22:08:29
351,48,56,2024-03-06 02:46:11
352,120,41,2024-08-11 02:28:13
353,29,89,2024-08-07 09:39:55
354,132,35,2024-08-09 08:30:36
355,183,28,2024-03-29 06:58:17
356,60,47,2024-12-05 23:19:12
357,198,76,2024-05-05 10:26:49
358,101,55,2024-09-06 17:50:14
359,114,59,2024-08-21 20:07:55
360,59,56,2024-12-12 17:20:07
361,169,31,2024-10-25 02:47:51
362,101,51,2024-01-22 14:04:46
363,102,51,2024-09-01 02:48:26
364,98,68,2024-03-24 05:08:28
365,70,71,2024-08-25 18:45:05
366,156,86,2024-01-02 01:18:24
367,142,76,2024-06-25 02:51:29
368,16,83,2024-01-29 13:11:39
369,66,47,2024-06-04 20:34:04
370,164,69,2024-05-28 11:51:12
371,163,83,2024-04-05 21:07:49
372,56,81,2024-03-30 07:28:30
373,28,21,2024-11-01 23:33:15
374,192,16,2024-06-11 00:26:17
375,118,6,2024-10-27 07:36:17
376,3,7,2024-02-07 14:45:23
377,42,82,2024-09-23 00:38:15
378,33,19,2024-09-30 08:17:19
379,39,51,2024-06-18 08:15:28
380,179,23,2024-09-26 10:35:34
381,54,51,2024-12-06 18:51:28
382,180,7,2024-10-23 05:31:34
383,122,84,2024-04-07 09:12:58
384,34,68,2024-07-10 04:58:21
385,37,3,2024-08-31 08:38:22
386,70,65,2024-03-22 20:17:20
387,8,59,2024-06-21 03:07:51
388,37,12,2024-09-22 02:30:40
389,30,47,2024-08-02 08:59:00
390,71,74,2024-09-22 17:07:38
391,106,79,2024-11-01 02:07:45
392,1,34,2024-11-30 15:21:24
393,191,47,2024-10-22 09:29:46
394,36,42,2024-05-01 04:43:24
395,106,23,2024-03-11 02:39:58
396,124,6,2024-01-31 03:52:02
397,182,64,2024-08-20 22:09:51
398,173,69,2024-05-05 15:51:58
399,132,39,2024-09-17 04:05:14
400,95,7,2024-10-10 05:24:17
401,18,29,2024-05-17 17:22:31
402,173,1,2024-05-06 05:36:31
403,107,31,2024-02-14 05:15:18
404,44,80,2024-10-23 18:38:34
405,32,2,2024-07-12 15:39:34
406,22,88,2024-07-18 20:01:22
407,64,46,2024-11-08 00:19:48
408,105,11,2024-05-24 01:26:29
409,31,80,2024-05-30 12:14:08
410,142,11,2024-08-19 00:29:09
411,101,100,2024-07-05 03:46:18
412,22,96,2024-10-14 12:01:35
413,31,82,2024-06-29 10:10:32
414,134,57,2024-02-24 03:06:40
415,61,68,2024-01-06 09:28:41
416,48,60,2024-08-30 07:28:02
417,75,96,2024-07-19 12:44:49
418,5,91,2024-08-21 19:13:49
419,186,67,2024-12-03 10:27:09
420,49,41,2024-01-19 12:00:24
421,141,59,2024-12-05 19:40:34
422,156,93,2024-11-18 22:56:05
423,102,85,2024-10-08 09:02:59
424,179,49,2024-11-05 14:53:28
425,152,69,2024-03-05 18:09:00
426,179,2,2024-09-28 04:30:01
427,38,95,2024-05-19 22:21:06
428,147,65,2024-11-04 18:11:20
429,65,83,2024-12-01 15:40:50
430,18,21,2024-06-27 00:00:41
431,125,64,2024-01-24 23:28:57
432,105,53,2024-01-11 21:47:18
433,40,8,2024-06-03 14:01:05
434,175,83,2024-05-02 06:42:07
435,88,53,2024-04-18 02:33:46
436,27,60,2024-03-25 22:44:09
437,89,46,2024-03-21 07:50:59
438,57,35,2024-02-05 22:37:57
439,178,40,2024-03-04 23:51:56
440,165,58,2024-03-29 16:19:58
441,119,26,2024-05-18 10:46:38
442,28,62,2024-10-15 14:11:51
443,48,92,2024-06-14 13:14:29
444,183,87,2024-01-18 09:50:17
445,180,16,2024-07-10 11:32:32
446,119,39,2024-05-12 10:56:02
447,60,76,2024-04-15 16:42:30
448,139,100,2024-04-11 15:36:25
449,12,68,2024-12-16 12:44:31
450,55,20,2024-12-12 09:34:37
451,168,31,2024-09-26 20:30:33
452,2,6,2024-04-13 22:48:35
453,155,71,2024-08-24 12:30:46
454,81,77,2024-05-03 01:32:08
455,9,69,2024-07-08 23:44:49
456,4,30,2024-12-03 05:41:03
457,26,99,2024-11-30 06:01:51
458,134,98,2024-07-24 06:58:19
459,194,31,2024-08-11 08:54:12
460,87,16,2024-07-15 15:51:19
461,175,58,2024-04-03 06:20:03
462,134,47,2024-10-11 05:36:33
463,35,13,2024-08-06 17:40:40
464,162,15,2024-03-14 05:56:50
465,30,4,2024-11-07 07:07:28
466,121,35,2024-04-25 12:57:21
467,141,97,2024-08-21 04:02:05
468,164,23,2024-06-07 13:00:19
469,107,47,2024-04-04 12:02:09
470,42,20,2024-09-24 18:35:55
471,37,67,2024-09-01 18:12:50
472,189,66,2024-03-17 17:01:43
473,53,41,2024-10-23 13:37:12
474,67,36,2024-02-23 19:03:07
475,19,47,2024-03-19 16:42:19
476,40,31,2024-01-28 01:39:51
477,136,88,2024-08-30 04:48:55
478,174,70,2024-01-29 12:09:20
479,171,78,2024-02-01 09:22:11
480,129,15,2024-07-08 20:52:12
481,9,7,2024-09-25 13:58:33
482,86,68,2024-07-02 22:23:12
483,79,74,2024-04-26 14:17:03
484,119,37,2024-08-19 03:41:39
485,96,71,2024-07-01 11:59:36
486,62,30,2024-04-11 22:57:04
487,3,55,2024-01-01 07:28:49
488,7,98,2024-05-27 02:28:21
489,136,9,2024-09-13 04:16:10
490,158,92,2024-12-14 13:26:52
491,28,11,2024-06-09 03:33:13
492,21,46,2024-04-07 06:35:08
493,76,34,2024-01-01 02:24:39
494,173,44,2024-09-19 19:54:58
495,25,49,2024-05-07 03:41:50
496,129,78,2024-10-08 03:02:20
497,58,75,2024-07-25 23:57:20
498,13,11,2024-10-11 15:16:30
499,46,40,2024-04-02 00:23:20
500,164,28,2024-08-14 21:34:05
